<?xml version="1.0" encoding="UTF-8" standalone="yes"?>
<PhreeformReport>
	<reporttype><![CDATA[rpt]]></reporttype>
	<title><![CDATA[Price List Report]]></title>
	<groupname><![CDATA[inv]]></groupname>
	<description><![CDATA[Lists the Customer price lists based on the default price sheet with overrides for individual inventory pricing. Format Letter, Portrait]]></description>
<page>
	<size><![CDATA[Letter:216:282]]></size>
	<orientation><![CDATA[P]]></orientation>
	<margin>
		<top><![CDATA[8]]></top>
		<bottom><![CDATA[8]]></bottom>
		<left><![CDATA[8]]></left>
		<right><![CDATA[8]]></right>
	</margin>
	<heading>
		<show><![CDATA[1]]></show>
		<font><![CDATA[helvetica]]></font>
		<size><![CDATA[12]]></size>
		<color><![CDATA[0:0:0]]></color>
		<align><![CDATA[C]]></align>
	</heading>
	<title1>
		<show><![CDATA[1]]></show>
		<text><![CDATA[%reportname%]]></text>
		<font><![CDATA[helvetica]]></font>
		<size><![CDATA[10]]></size>
		<color><![CDATA[0:0:0]]></color>
		<align><![CDATA[C]]></align>
	</title1>
	<title2>
		<show><![CDATA[1]]></show>
		<text><![CDATA[Report Generated %date%]]></text>
		<font><![CDATA[helvetica]]></font>
		<size><![CDATA[8]]></size>
		<color><![CDATA[0:0:0]]></color>
		<align><![CDATA[C]]></align>
	</title2>
	<filter>
		<font><![CDATA[helvetica]]></font>
		<size><![CDATA[8]]></size>
		<color><![CDATA[0:0:0]]></color>
		<align><![CDATA[L]]></align>
	</filter>
	<data>
		<font><![CDATA[helvetica]]></font>
		<size><![CDATA[8]]></size>
		<color><![CDATA[0:0:0]]></color>
		<align><![CDATA[L]]></align>
	</data>
	<totals>
		<font><![CDATA[helvetica]]></font>
		<size><![CDATA[8]]></size>
		<color><![CDATA[0:0:0]]></color>
		<align><![CDATA[L]]></align>
	</totals>
</page>
<tables>
	<tablename><![CDATA[inventory]]></tablename>
</tables>
	<special_class><![CDATA[pricelist_report]]></special_class>
	<truncate><![CDATA[0]]></truncate>
	<totalonly><![CDATA[0]]></totalonly>
<fieldlist>
	<fieldname><![CDATA[sku]]></fieldname>
	<description><![CDATA[SKU]]></description>
	<visible><![CDATA[1]]></visible>
	<columnwidth><![CDATA[15]]></columnwidth>
	<columnbreak><![CDATA[1]]></columnbreak>
	<align><![CDATA[L]]></align>
	<total><![CDATA[0]]></total>
</fieldlist>
<fieldlist>
	<fieldname><![CDATA[description_short]]></fieldname>
	<description><![CDATA[Description]]></description>
	<visible><![CDATA[1]]></visible>
	<columnwidth><![CDATA[38]]></columnwidth>
	<columnbreak><![CDATA[1]]></columnbreak>
	<align><![CDATA[L]]></align>
	<total><![CDATA[0]]></total>
</fieldlist>
<fieldlist>
	<fieldname><![CDATA[full_price]]></fieldname>
	<description><![CDATA[Full Price]]></description>
	<visible><![CDATA[1]]></visible>
	<columnwidth><![CDATA[17]]></columnwidth>
	<columnbreak><![CDATA[1]]></columnbreak>
	<processing><![CDATA[posted_cur]]></processing>
	<align><![CDATA[R]]></align>
	<total><![CDATA[0]]></total>
</fieldlist>
<fieldlist>
	<fieldname><![CDATA[price_qty_1]]></fieldname>
	<description><![CDATA[Qty]]></description>
	<visible><![CDATA[1]]></visible>
	<columnwidth><![CDATA[9]]></columnwidth>
	<columnbreak><![CDATA[1]]></columnbreak>
	<align><![CDATA[R]]></align>
	<total><![CDATA[0]]></total>
</fieldlist>
<fieldlist>
	<fieldname><![CDATA[price_level_1]]></fieldname>
	<description><![CDATA[Price Level 1]]></description>
	<visible><![CDATA[1]]></visible>
	<columnwidth><![CDATA[17]]></columnwidth>
	<columnbreak><![CDATA[1]]></columnbreak>
	<processing><![CDATA[null_pcur]]></processing>
	<align><![CDATA[R]]></align>
	<total><![CDATA[0]]></total>
</fieldlist>
<fieldlist>
	<fieldname><![CDATA[price_qty_2]]></fieldname>
	<description><![CDATA[Qty]]></description>
	<visible><![CDATA[1]]></visible>
	<columnwidth><![CDATA[9]]></columnwidth>
	<columnbreak><![CDATA[1]]></columnbreak>
	<align><![CDATA[R]]></align>
	<total><![CDATA[0]]></total>
</fieldlist>
<fieldlist>
	<fieldname><![CDATA[price_level_2]]></fieldname>
	<description><![CDATA[Price Level 2]]></description>
	<visible><![CDATA[1]]></visible>
	<columnwidth><![CDATA[17]]></columnwidth>
	<columnbreak><![CDATA[1]]></columnbreak>
	<processing><![CDATA[null_pcur]]></processing>
	<align><![CDATA[R]]></align>
	<total><![CDATA[0]]></total>
</fieldlist>
<fieldlist>
	<fieldname><![CDATA[price_qty_3]]></fieldname>
	<description><![CDATA[Qty]]></description>
	<visible><![CDATA[1]]></visible>
	<columnwidth><![CDATA[9]]></columnwidth>
	<columnbreak><![CDATA[1]]></columnbreak>
	<align><![CDATA[R]]></align>
	<total><![CDATA[0]]></total>
</fieldlist>
<fieldlist>
	<fieldname><![CDATA[price_level_3]]></fieldname>
	<description><![CDATA[Price Level 3]]></description>
	<visible><![CDATA[1]]></visible>
	<columnwidth><![CDATA[17]]></columnwidth>
	<columnbreak><![CDATA[1]]></columnbreak>
	<processing><![CDATA[null_pcur]]></processing>
	<align><![CDATA[R]]></align>
	<total><![CDATA[0]]></total>
</fieldlist>
<fieldlist>
	<fieldname><![CDATA[price_qty_4]]></fieldname>
	<description><![CDATA[Qty]]></description>
	<visible><![CDATA[1]]></visible>
	<columnwidth><![CDATA[9]]></columnwidth>
	<columnbreak><![CDATA[1]]></columnbreak>
	<align><![CDATA[R]]></align>
	<total><![CDATA[0]]></total>
</fieldlist>
<fieldlist>
	<fieldname><![CDATA[price_level_4]]></fieldname>
	<description><![CDATA[Price Level 4]]></description>
	<visible><![CDATA[1]]></visible>
	<columnwidth><![CDATA[17]]></columnwidth>
	<columnbreak><![CDATA[1]]></columnbreak>
	<processing><![CDATA[null_pcur]]></processing>
	<align><![CDATA[R]]></align>
	<total><![CDATA[0]]></total>
</fieldlist>
<fieldlist>
	<fieldname><![CDATA[price_qty_5]]></fieldname>
	<description><![CDATA[Qty]]></description>
	<visible><![CDATA[1]]></visible>
	<columnwidth><![CDATA[9]]></columnwidth>
	<columnbreak><![CDATA[1]]></columnbreak>
	<align><![CDATA[R]]></align>
	<total><![CDATA[0]]></total>
</fieldlist>
<fieldlist>
	<fieldname><![CDATA[price_level_5]]></fieldname>
	<description><![CDATA[Price Level 5]]></description>
	<visible><![CDATA[1]]></visible>
	<columnwidth><![CDATA[17]]></columnwidth>
	<columnbreak><![CDATA[1]]></columnbreak>
	<processing><![CDATA[null_pcur]]></processing>
	<align><![CDATA[R]]></align>
	<total><![CDATA[0]]></total>
</fieldlist>
	<security><![CDATA[u:0;g:0]]></security>
	<datefield><![CDATA[id]]></datefield>
	<datedefault><![CDATA[a]]></datedefault>
	<filenameprefix><![CDATA[Prices]]></filenameprefix>
	<filenamefield><![CDATA[sku]]></filenamefield>
<grouplist>
	<fieldname><![CDATA[id]]></fieldname>
	<default><![CDATA[0]]></default>
	<page_break><![CDATA[0]]></page_break>
</grouplist>
<sortlist>
	<fieldname><![CDATA[sku]]></fieldname>
	<description><![CDATA[SKU]]></description>
	<default><![CDATA[1]]></default>
</sortlist>
<sortlist>
	<fieldname><![CDATA[inactive]]></fieldname>
	<description><![CDATA[Inactive]]></description>
	<default><![CDATA[0]]></default>
</sortlist>
<filterlist>
	<fieldname><![CDATA[sku]]></fieldname>
	<description><![CDATA[SKU]]></description>
	<visible><![CDATA[1]]></visible>
	<type><![CDATA[0]]></type>
</filterlist>
<filterlist>
	<fieldname><![CDATA[catalog]]></fieldname>
	<description><![CDATA[Catalog Item]]></description>
	<visible><![CDATA[0]]></visible>
	<type><![CDATA[6]]></type>
	<min_val><![CDATA[1]]></min_val>
</filterlist>
</PhreeformReport>
