<?xml version="1.0" encoding="UTF-8" standalone="yes"?>
<PhreeformReport>
	<reporttype><![CDATA[rpt]]></reporttype>
	<title><![CDATA[Customer Sku Movement]]></title>
	<groupname><![CDATA[cust]]></groupname>
	<description><![CDATA[Shows the customer inventory sales, returns. Report size: Letter, Landscape.]]></description>
<page>
	<size><![CDATA[Letter:216:282]]></size>
	<orientation><![CDATA[L]]></orientation>
	<margin>
		<top><![CDATA[8]]></top>
		<bottom><![CDATA[8]]></bottom>
		<left><![CDATA[8]]></left>
		<right><![CDATA[8]]></right>
	</margin>
	<heading>
		<show><![CDATA[1]]></show>
		<font><![CDATA[helvetica]]></font>
		<size><![CDATA[12]]></size>
		<color><![CDATA[0:0:0]]></color>
		<align><![CDATA[C]]></align>
	</heading>
	<title1>
		<show><![CDATA[1]]></show>
		<text><![CDATA[%reportname%]]></text>
		<font><![CDATA[helvetica]]></font>
		<size><![CDATA[10]]></size>
		<color><![CDATA[0:0:0]]></color>
		<align><![CDATA[C]]></align>
	</title1>
	<title2>
		<show><![CDATA[1]]></show>
		<text><![CDATA[Report Generated %date%]]></text>
		<font><![CDATA[helvetica]]></font>
		<size><![CDATA[10]]></size>
		<color><![CDATA[0:0:0]]></color>
		<align><![CDATA[C]]></align>
	</title2>
	<filter>
		<font><![CDATA[helvetica]]></font>
		<size><![CDATA[8]]></size>
		<color><![CDATA[0:0:0]]></color>
		<align><![CDATA[L]]></align>
	</filter>
	<data>
		<font><![CDATA[helvetica]]></font>
		<size><![CDATA[10]]></size>
		<color><![CDATA[0:0:0]]></color>
		<align><![CDATA[L]]></align>
	</data>
	<totals>
		<font><![CDATA[helvetica]]></font>
		<size><![CDATA[10]]></size>
		<color><![CDATA[0:0:0]]></color>
		<align><![CDATA[L]]></align>
	</totals>
</page>
<tables>
	<tablename><![CDATA[journal_main]]></tablename>
</tables>
<tables>
	<joinopt><![CDATA[JOIN]]></joinopt>
	<tablename><![CDATA[journal_item]]></tablename>
	<relationship><![CDATA[journal_main.id = journal_item.ref_id]]></relationship>
</tables>
<tables>
	<joinopt><![CDATA[JOIN]]></joinopt>
	<tablename><![CDATA[contacts]]></tablename>
	<relationship><![CDATA[journal_main.bill_acct_id = contacts.id]]></relationship>
</tables>
	<truncate><![CDATA[0]]></truncate>
	<totalonly><![CDATA[0]]></totalonly>
<fieldlist>
	<fieldname><![CDATA[journal_main.post_date]]></fieldname>
	<description><![CDATA[Post Date]]></description>
	<visible><![CDATA[1]]></visible>
	<columnwidth><![CDATA[22]]></columnwidth>
	<columnbreak><![CDATA[1]]></columnbreak>
	<processing><![CDATA[date]]></processing>
	<align><![CDATA[L]]></align>
	<total><![CDATA[0]]></total>
</fieldlist>
<fieldlist>
	<fieldname><![CDATA[contacts.short_name]]></fieldname>
	<description><![CDATA[Customer ID]]></description>
	<visible><![CDATA[0]]></visible>
	<columnwidth><![CDATA[30]]></columnwidth>
	<columnbreak><![CDATA[1]]></columnbreak>
	<align><![CDATA[L]]></align>
	<total><![CDATA[0]]></total>
</fieldlist>
<fieldlist>
	<fieldname><![CDATA[journal_main.bill_primary_name]]></fieldname>
	<description><![CDATA[Customer Name]]></description>
	<visible><![CDATA[1]]></visible>
	<columnwidth><![CDATA[65]]></columnwidth>
	<columnbreak><![CDATA[1]]></columnbreak>
	<align><![CDATA[L]]></align>
	<total><![CDATA[0]]></total>
</fieldlist>
<fieldlist>
	<fieldname><![CDATA[if (journal_main.journal_id =13, -journal_item.qty , journal_item.qty)]]></fieldname>
	<description><![CDATA[Qty]]></description>
	<visible><![CDATA[1]]></visible>
	<columnwidth><![CDATA[25]]></columnwidth>
	<columnbreak><![CDATA[1]]></columnbreak>
	<align><![CDATA[R]]></align>
	<total><![CDATA[1]]></total>
</fieldlist>
<fieldlist>
	<fieldname><![CDATA[journal_item.sku]]></fieldname>
	<description><![CDATA[SKU]]></description>
	<visible><![CDATA[1]]></visible>
	<columnwidth><![CDATA[25]]></columnwidth>
	<columnbreak><![CDATA[1]]></columnbreak>
	<align><![CDATA[L]]></align>
	<total><![CDATA[0]]></total>
</fieldlist>
<fieldlist>
	<fieldname><![CDATA[journal_main.purchase_invoice_id]]></fieldname>
	<description><![CDATA[Reference]]></description>
	<visible><![CDATA[1]]></visible>
	<columnwidth><![CDATA[30]]></columnwidth>
	<columnbreak><![CDATA[1]]></columnbreak>
	<align><![CDATA[L]]></align>
	<total><![CDATA[0]]></total>
</fieldlist>
<fieldlist>
	<fieldname><![CDATA[journal_main.journal_id]]></fieldname>
	<description><![CDATA[Journal ID]]></description>
	<visible><![CDATA[1]]></visible>
	<columnwidth><![CDATA[45]]></columnwidth>
	<columnbreak><![CDATA[1]]></columnbreak>
	<processing><![CDATA[j_desc]]></processing>
	<align><![CDATA[L]]></align>
	<total><![CDATA[0]]></total>
</fieldlist>
<fieldlist>
	<fieldname><![CDATA[journal_item.credit_amount - journal_item.debit_amount]]></fieldname>
	<description><![CDATA[Amount]]></description>
	<visible><![CDATA[1]]></visible>
	<columnwidth><![CDATA[25]]></columnwidth>
	<columnbreak><![CDATA[1]]></columnbreak>
	<processing><![CDATA[null_pcur]]></processing>
	<align><![CDATA[R]]></align>
	<total><![CDATA[1]]></total>
</fieldlist>
	<security><![CDATA[u:0;g:0]]></security>
	<datelist><![CDATA[abcdelfghijk]]></datelist>
	<datefield><![CDATA[journal_main.post_date]]></datefield>
	<datedefault><![CDATA[f]]></datedefault>
	<filenameprefix><![CDATA[gl-]]></filenameprefix>
	<filenamefield><![CDATA[journal_main.bill_primary_name]]></filenamefield>
<grouplist>
	<fieldname><![CDATA[journal_main.bill_primary_name]]></fieldname>
	<description><![CDATA[Customer Name]]></description>
	<default><![CDATA[1]]></default>
	<page_break><![CDATA[0]]></page_break>
</grouplist>
<sortlist>
	<fieldname><![CDATA[journal_main.bill_acct_id]]></fieldname>
	<description><![CDATA[Customer ID]]></description>
	<default><![CDATA[0]]></default>
</sortlist>
<sortlist>
	<fieldname><![CDATA[journal_main.post_date]]></fieldname>
	<description><![CDATA[Invoice Date]]></description>
	<default><![CDATA[1]]></default>
</sortlist>
<filterlist>
	<fieldname><![CDATA[contacts.short_name]]></fieldname>
	<description><![CDATA[Customer ID]]></description>
	<visible><![CDATA[1]]></visible>
	<type><![CDATA[0]]></type>
</filterlist>
<filterlist>
	<fieldname><![CDATA[journal_main.bill_primary_name]]></fieldname>
	<description><![CDATA[Customer Name]]></description>
	<visible><![CDATA[1]]></visible>
	<type><![CDATA[0]]></type>
</filterlist>
<filterlist>
	<fieldname><![CDATA[journal_main.post_date]]></fieldname>
	<description><![CDATA[Post Date]]></description>
	<visible><![CDATA[1]]></visible>
	<type><![CDATA[0]]></type>
</filterlist>
<filterlist>
	<fieldname><![CDATA[journal_item.gl_type]]></fieldname>
	<description><![CDATA[GL Type]]></description>
	<visible><![CDATA[0]]></visible>
	<type><![CDATA[6]]></type>
	<min_val><![CDATA[sos]]></min_val>
</filterlist>
<filterlist>
	<fieldname><![CDATA[journal_main.journal_id]]></fieldname>
	<description><![CDATA[Journal ID]]></description>
	<visible><![CDATA[0]]></visible>
	<type><![CDATA[9]]></type>
	<min_val><![CDATA[12,13]]></min_val>
</filterlist>
</PhreeformReport>
