	<reporttype><![CDATA[rpt]]></reporttype>
	<title><![CDATA[Inv Re-order By Store]]></title>
	<groupname><![CDATA[inv]]></groupname>
	<description><![CDATA[Lists inventory items needed for re-order. Format: Letter, Portrait]]></description>
<page>
	<size><![CDATA[Letter:216:282]]></size>
	<orientation><![CDATA[P]]></orientation>
<margin>
	<top><![CDATA[8]]></top>
	<bottom><![CDATA[8]]></bottom>
	<left><![CDATA[8]]></left>
	<right><![CDATA[8]]></right>
</margin>
<heading>
	<show><![CDATA[1]]></show>
	<font><![CDATA[helvetica]]></font>
	<size><![CDATA[12]]></size>
	<color><![CDATA[0:0:0]]></color>
	<align><![CDATA[C]]></align>
</heading>
<title1>
	<show><![CDATA[1]]></show>
	<text><![CDATA[%reportname%]]></text>
	<font><![CDATA[helvetica]]></font>
	<size><![CDATA[10]]></size>
	<color><![CDATA[0:0:0]]></color>
	<align><![CDATA[C]]></align>
</title1>
<title2>
	<show><![CDATA[1]]></show>
	<text><![CDATA[Report Generated %date%]]></text>
	<font><![CDATA[helvetica]]></font>
	<size><![CDATA[10]]></size>
	<color><![CDATA[0:0:0]]></color>
	<align><![CDATA[C]]></align>
</title2>
<filter>
	<font><![CDATA[helvetica]]></font>
	<size><![CDATA[8]]></size>
	<color><![CDATA[0:0:0]]></color>
	<align><![CDATA[L]]></align>
</filter>
<data>
	<font><![CDATA[helvetica]]></font>
	<size><![CDATA[10]]></size>
	<color><![CDATA[0:0:0]]></color>
	<align><![CDATA[L]]></align>
</data>
<totals>
	<font><![CDATA[helvetica]]></font>
	<size><![CDATA[10]]></size>
	<color><![CDATA[0:0:0]]></color>
	<align><![CDATA[L]]></align>
</totals>
</page>
<tables>
	<tablename><![CDATA[inventory]]></tablename>
</tables>
<tables>
	<tablename><![CDATA[inventory_history]]></tablename>
	<relationship><![CDATA[inventory_history.sku = inventory.sku]]></relationship>
</tables>
	<truncate><![CDATA[1]]></truncate>
	<totalonly><![CDATA[0]]></totalonly>
<fieldlist>
	<fieldname><![CDATA[inventory.sku]]></fieldname>
	<description><![CDATA[SKU Number]]></description>
	<visible><![CDATA[1]]></visible>
	<columnwidth><![CDATA[29]]></columnwidth>
	<columnbreak><![CDATA[1]]></columnbreak>
	<align><![CDATA[L]]></align>
	<total><![CDATA[0]]></total>
</fieldlist>
<fieldlist>
	<fieldname><![CDATA[inventory.description_short]]></fieldname>
	<description><![CDATA[Description Short]]></description>
	<visible><![CDATA[1]]></visible>
	<columnwidth><![CDATA[56]]></columnwidth>
	<columnbreak><![CDATA[1]]></columnbreak>
	<align><![CDATA[L]]></align>
	<total><![CDATA[0]]></total>
</fieldlist>
<fieldlist>
	<fieldname><![CDATA[inventory.account_inventory_wage]]></fieldname>
	<description><![CDATA[Inv. Acct]]></description>
	<visible><![CDATA[0]]></visible>
	<columnwidth><![CDATA[25]]></columnwidth>
	<columnbreak><![CDATA[1]]></columnbreak>
	<align><![CDATA[L]]></align>
	<total><![CDATA[0]]></total>
</fieldlist>
<fieldlist>
	<fieldname><![CDATA[inventory.item_cost]]></fieldname>
	<description><![CDATA[Item Cost]]></description>
	<visible><![CDATA[0]]></visible>
	<columnwidth><![CDATA[25]]></columnwidth>
	<columnbreak><![CDATA[1]]></columnbreak>
	<processing><![CDATA[posted_cur]]></processing>
	<align><![CDATA[R]]></align>
	<total><![CDATA[0]]></total>
</fieldlist>
<fieldlist>
	<fieldname><![CDATA[inventory.full_price]]></fieldname>
	<description><![CDATA[Full Price]]></description>
	<visible><![CDATA[0]]></visible>
	<columnwidth><![CDATA[25]]></columnwidth>
	<columnbreak><![CDATA[1]]></columnbreak>
	<processing><![CDATA[posted_cur]]></processing>
	<align><![CDATA[R]]></align>
	<total><![CDATA[0]]></total>
</fieldlist>
<fieldlist>
	<fieldname><![CDATA[inventory.minimum_stock_level]]></fieldname>
	<description><![CDATA[Min Stock]]></description>
	<visible><![CDATA[1]]></visible>
	<columnwidth><![CDATA[19]]></columnwidth>
	<columnbreak><![CDATA[1]]></columnbreak>
	<align><![CDATA[C]]></align>
	<total><![CDATA[0]]></total>
</fieldlist>
<fieldlist>
	<fieldname><![CDATA[inventory_history.remaining]]></fieldname>
	<description><![CDATA[In Stock]]></description>
	<visible><![CDATA[1]]></visible>
	<columnwidth><![CDATA[16]]></columnwidth>
	<columnbreak><![CDATA[1]]></columnbreak>
	<align><![CDATA[C]]></align>
	<total><![CDATA[0]]></total>
</fieldlist>
<fieldlist>
	<fieldname><![CDATA[inventory.quantity_on_order]]></fieldname>
	<description><![CDATA[On Order]]></description>
	<visible><![CDATA[1]]></visible>
	<columnwidth><![CDATA[16]]></columnwidth>
	<columnbreak><![CDATA[1]]></columnbreak>
	<align><![CDATA[C]]></align>
	<total><![CDATA[0]]></total>
</fieldlist>
<fieldlist>
	<fieldname><![CDATA[inventory.quantity_on_sales_order]]></fieldname>
	<description><![CDATA[On SO]]></description>
	<visible><![CDATA[0]]></visible>
	<columnwidth><![CDATA[15]]></columnwidth>
	<columnbreak><![CDATA[1]]></columnbreak>
	<align><![CDATA[C]]></align>
	<total><![CDATA[1]]></total>
</fieldlist>
<fieldlist>
	<fieldname><![CDATA[inventory.reorder_quantity]]></fieldname>
	<description><![CDATA[Reorder]]></description>
	<visible><![CDATA[1]]></visible>
	<columnwidth><![CDATA[16]]></columnwidth>
	<columnbreak><![CDATA[1]]></columnbreak>
	<align><![CDATA[C]]></align>
	<total><![CDATA[0]]></total>
</fieldlist>
<fieldlist>
	<fieldname><![CDATA[inventory.vendor_id]]></fieldname>
	<description><![CDATA[Vendor]]></description>
	<visible><![CDATA[1]]></visible>
	<columnwidth><![CDATA[33]]></columnwidth>
	<columnbreak><![CDATA[1]]></columnbreak>
	<processing><![CDATA[branch]]></processing>
	<align><![CDATA[L]]></align>
	<total><![CDATA[0]]></total>
</fieldlist>
<fieldlist>
	<fieldname><![CDATA[inventory_history.store_id]]></fieldname>
	<description><![CDATA[Store ID]]></description>
	<visible><![CDATA[1]]></visible>
	<columnwidth><![CDATA[15]]></columnwidth>
	<columnbreak><![CDATA[1]]></columnbreak>
	<processing><![CDATA[branch]]></processing>
	<align><![CDATA[L]]></align>
	<total><![CDATA[0]]></total>
</fieldlist>
	<security><![CDATA[u:0;g:0]]></security>
	<datelist><![CDATA[a]]></datelist>
	<datedefault><![CDATA[a]]></datedefault>
<grouplist>
	<fieldname><![CDATA[inventory.vendor_id]]></fieldname>
	<description><![CDATA[Vendor Name]]></description>
	<default><![CDATA[0]]></default>
	<page_break><![CDATA[0]]></page_break>
</grouplist>
<grouplist>
	<fieldname><![CDATA[inventory.account_inventory_wage]]></fieldname>
	<description><![CDATA[GL Inventory Acct]]></description>
	<default><![CDATA[0]]></default>
	<page_break><![CDATA[0]]></page_break>
</grouplist>
<grouplist>
	<fieldname><![CDATA[inventory.inventory_type]]></fieldname>
	<description><![CDATA[Inventory Type]]></description>
	<default><![CDATA[0]]></default>
	<page_break><![CDATA[0]]></page_break>
</grouplist>
<grouplist>
	<fieldname><![CDATA[inventory_history.store_id]]></fieldname>
	<description><![CDATA[Store ID]]></description>
	<default><![CDATA[1]]></default>
	<page_break><![CDATA[0]]></page_break>
</grouplist>
<sortlist>
	<fieldname><![CDATA[inventory.sku]]></fieldname>
	<description><![CDATA[SKU]]></description>
	<default><![CDATA[1]]></default>
</sortlist>
<sortlist>
	<fieldname><![CDATA[inventory.quantity_on_hand]]></fieldname>
	<description><![CDATA[In Stock]]></description>
	<default><![CDATA[0]]></default>
</sortlist>
<sortlist>
	<fieldname><![CDATA[inventory.quantity_on_order]]></fieldname>
	<description><![CDATA[On Order]]></description>
	<default><![CDATA[0]]></default>
</sortlist>
<sortlist>
	<fieldname><![CDATA[inventory.quantity_on_sales_order]]></fieldname>
	<description><![CDATA[On SO]]></description>
	<default><![CDATA[0]]></default>
</sortlist>
<sortlist>
	<fieldname><![CDATA[inventory.description_short]]></fieldname>
	<description><![CDATA[Description]]></description>
	<default><![CDATA[0]]></default>
</sortlist>
<filterlist>
	<fieldname><![CDATA[inventory.sku]]></fieldname>
	<description><![CDATA[SKU]]></description>
	<visible><![CDATA[1]]></visible>
	<type><![CDATA[0]]></type>
</filterlist>
<filterlist>
	<fieldname><![CDATA[inventory.inactive]]></fieldname>
	<description><![CDATA[Inactive]]></description>
	<visible><![CDATA[1]]></visible>
	<type><![CDATA[2]]></type>
</filterlist>
<filterlist>
	<fieldname><![CDATA[inventory.inventory_type]]></fieldname>
	<description><![CDATA[Inventory Type]]></description>
	<visible><![CDATA[1]]></visible>
	<type><![CDATA[0]]></type>
</filterlist>
<filterlist>
	<fieldname><![CDATA[inventory.account_inventory_wage]]></fieldname>
	<description><![CDATA[GL Inventroy Acct]]></description>
	<visible><![CDATA[1]]></visible>
	<type><![CDATA[0]]></type>
</filterlist>
<filterlist>
	<fieldname><![CDATA[inventory.vendor_id]]></fieldname>
	<description><![CDATA[Vendor ID]]></description>
	<visible><![CDATA[1]]></visible>
	<type><![CDATA[0]]></type>
</filterlist>
<filterlist>
	<fieldname><![CDATA[inventory_history.remaining]]></fieldname>
	<description><![CDATA[In Stock]]></description>
	<visible><![CDATA[0]]></visible>
	<type><![CDATA[10]]></type>
	<min_val><![CDATA[inventory.minimum_stock_level]]></min_val>
</filterlist>
